Matricula=s16013685,Servicio=apache2,Instalado=1
Matricula=s16013685,Servicio=apache2,Instalado=1
Matricula=123,Servicio=apache2,Instalado=1
Matricula=S16013685,Servicio=apache2,Instalado=1
Matricula=s16013685,Servicio=apache2,Instalado=1
Matricula=qw,Servicio=apache2,Instalado=1
Matricula=s16013685,Servicio=apache2,Instalado=1
Matricula=s16013685,Servicio=apache2,Instalado=1
Matricula=s16013685,Servicio=apache2,Instalado=1
Matricula=s16013685,Servicio=apache2,Instalado=1
Matricula=s16013685,Servicio=apache2,Instalado=1
Matricula=s16013685,Servicio=apache2,Instalado=1
Matricula=s16013685,Servicio=apache2,Instalado=1
